Id,Payer Logo
b3221cfc-24fb-339e-823d-bc4136cbc4ed,https://ibb.co/23zftrb
7caa7254-5050-3b5e-9eae-bd5ea30e809c,https://ibb.co/zxp9sM1
7c4411ce-02f1-39b5-b9ec-dfbea9ad3c1a,https://ibb.co/Kq8b6mN
d47b3510-2895-3b70-9897-342d681c769d,https://ibb.co/25g8X8S
6e2f1a2d-27bd-3701-8d08-dae202c58632,https://ibb.co/Tc8kjJT
5059a55e-5d6e-34d1-b6cb-d83d16e57bcf,https://ibb.co/pZn9RVd
4d71f845-a6a9-3c39-b242-14d25ef86a8d,https://ibb.co/9cyj725
047f6ec3-6215-35eb-9608-f9dda363a44c,https://ibb.co/nn31C20
42c4fca7-f8a9-3cd1-982a-dd9751bf3e2a,https://ibb.co/y5vmHRp
b1c428d6-4f07-31e0-90f0-68ffa6ff8c76,
